type_code,event_id,dates,event,url,year,event_family
I,28252,Dec 16 - Dec 18 2025,The Elite Invitational Boys,https://score.golfstat.com/eventlist.cfm?type=I&eventid=28252,2025,The Elite Invitational
I,28253,Dec 16 - Dec 18 2025,The Elite Invitational Girls,https://score.golfstat.com/eventlist.cfm?type=I&eventid=28253,2025,The Elite Invitational
I,28205,Jun 08 - Jun 10 2025,2025 WIAA Boys Championship - D1,https://score.golfstat.com/eventlist.cfm?type=I&eventid=28205,2025,WIAA
I,28122,Nov 01 - Nov 03 2024,The Elite Invitational,https://score.golfstat.com/eventlist.cfm?type=I&eventid=28122,2024,The Elite Invitational
I,28123,Nov 01 - Nov 03 2024,The Elite Invitational,https://score.golfstat.com/eventlist.cfm?type=I&eventid=28123,2024,The Elite Invitational
I,27992,Jun 03 - Jun 04 2024,WIAA Division Championships,https://score.golfstat.com/eventlist.cfm?type=I&eventid=27992,2024,WIAA
I,27899,Apr 15 - Apr 16 2024,Texas Boys UIL Region II,https://score.golfstat.com/eventlist.cfm?type=I&eventid=27899,2024,Other
I,27901,Apr 15 - Apr 16 2024,Texas Girls UIL Regional II,https://score.golfstat.com/eventlist.cfm?type=I&eventid=27901,2024,Other
I,27279,Nov 03 - Nov 05 2023,The Elite Invitational,https://score.golfstat.com/eventlist.cfm?type=I&eventid=27279,2023,The Elite Invitational
I,27282,Nov 03 - Nov 05 2023,The Elite Invitational,https://score.golfstat.com/eventlist.cfm?type=I&eventid=27282,2023,The Elite Invitational
I,27363,Nov 03 - Nov 03 2023,The Elite Player-Am,https://score.golfstat.com/eventlist.cfm?type=I&eventid=27363,2023,Other
I,27000,Oct 09 - Oct 10 2023,WIAA State Girls Golf Champion,https://score.golfstat.com/eventlist.cfm?type=I&eventid=27000,2023,WIAA
I,26936,Jun 05 - Jun 06 2023,WIAA Boy's State Championship,https://score.golfstat.com/eventlist.cfm?type=I&eventid=26936,2023,WIAA
I,26930,May 15 - May 16 2023,2023 OSAA State Championship,https://score.golfstat.com/eventlist.cfm?type=I&eventid=26930,2023,Other
I,26608,May 08 - May 09 2023,Oklahoma 6A Boys State High School Championship,https://score.golfstat.com/eventlist.cfm?type=I&eventid=26608,2023,Other
I,26346,Apr 22 - Apr 23 2023,Academy Cup,https://score.golfstat.com/eventlist.cfm?type=I&eventid=26346,2023,Other
I,26531,Apr 10 - Apr 10 2023,Tiger Invitational,https://score.golfstat.com/eventlist.cfm?type=I&eventid=26531,2023,Other
I,26109,Nov 11 - Nov 13 2022,The Elite Invitational,https://score.golfstat.com/eventlist.cfm?type=I&eventid=26109,2022,The Elite Invitational
I,25205,Oct 10 - Oct 11 2022,WIAA Girls Golf Championships,https://score.golfstat.com/eventlist.cfm?type=I&eventid=25205,2022,WIAA
I,24326,Jun 06 - Jun 07 2022,WIAA Boy's State Championship,https://score.golfstat.com/eventlist.cfm?type=I&eventid=24326,2022,WIAA
I,24312,May 16 - May 17 2022,2022 OSAA State Championship,https://score.golfstat.com/eventlist.cfm?type=I&eventid=24312,2022,Other
I,24325,May 09 - May 10 2022,OSAA 6A Boys State Championship,https://score.golfstat.com/eventlist.cfm?type=I&eventid=24325,2022,Other
I,24018,Apr 11 - Apr 11 2022,Tiger Invitiational,https://score.golfstat.com/eventlist.cfm?type=I&eventid=24018,2022,Other
I,23894,Mar 22 - Mar 22 2022,6A Oklahoma State Boys Preveiw,https://score.golfstat.com/eventlist.cfm?type=I&eventid=23894,2022,Other
I,23621,Jan 02 - Jan 06 2022,2022 Junior Orange Bowl International Championship,https://score.golfstat.com/eventlist.cfm?type=I&eventid=23621,2022,Junior Orange Bowl
I,23599,Nov 12 - Nov 14 2021,The Elite Invitational,https://score.golfstat.com/eventlist.cfm?type=I&eventid=23599,2021,The Elite Invitational
I,23099,Sep 19 - Sep 20 2021,Kentucky 2A State Tournament,https://score.golfstat.com/eventlist.cfm?type=I&eventid=23099,2021,Other
I,21865,Jun 14 - Jun 15 2021,WIAA Boy's State Championship,https://score.golfstat.com/eventlist.cfm?type=I&eventid=21865,2021,WIAA
I,21762,May 17 - May 18 2021,WIAA Girl's Alternate Season Championship,https://score.golfstat.com/eventlist.cfm?type=I&eventid=21762,2021,WIAA
I,20954,Mar 05 - Mar 07 2021,Dustin Johnson World Junior Golf Championship,https://score.golfstat.com/eventlist.cfm?type=I&eventid=20954,2021,Dustin Johnson World Junior
I,20747,Jan 02 - Jan 06 2021,2021 Junior Orange Bowl International Golf Championship,https://score.golfstat.com/eventlist.cfm?type=I&eventid=20747,2021,Junior Orange Bowl
I,20696,Nov 13 - Nov 15 2020,The Elite Invitational,https://score.golfstat.com/eventlist.cfm?type=I&eventid=20696,2020,The Elite Invitational
I,20242,Oct 12 - Oct 13 2020,Wisconsin Girl's High School State Championships,https://score.golfstat.com/eventlist.cfm?type=I&eventid=20242,2020,Other
I,11733,Oct 06 - Oct 10 2020,Horizon League Test,https://score.golfstat.com/eventlist.cfm?type=I&eventid=11733,2020,Other
I,19424,Jan 03 - Jan 06 2020,2020 Junior Orange Bowl International Championship,https://score.golfstat.com/eventlist.cfm?type=I&eventid=19424,2020,Junior Orange Bowl
I,19263,Oct 14 - Oct 15 2019,2019 Wisconsin Girls State Championship,https://score.golfstat.com/eventlist.cfm?type=I&eventid=19263,2019,Other
I,17135,Jun 16 - Jun 21 2019,2019 Toyota Junior Golf World Cup,https://score.golfstat.com/eventlist.cfm?type=I&eventid=17135,2019,Toyota Junior World Cup
I,16962,Jun 03 - Jun 04 2019,2019 Wisconsin Boys State Championship,https://score.golfstat.com/eventlist.cfm?type=I&eventid=16962,2019,Other
I,17126,May 13 - May 14 2019,2019 OSAA State Championship,https://score.golfstat.com/eventlist.cfm?type=I&eventid=17126,2019,Other
I,16963,Apr 24 - Apr 25 2019,2019 UIL Girls 4A Regionals,https://score.golfstat.com/eventlist.cfm?type=I&eventid=16963,2019,Other
I,16964,Apr 22 - Apr 23 2019,2019 UIL Boys 4A Regionals,https://score.golfstat.com/eventlist.cfm?type=I&eventid=16964,2019,Other
I,16956,Apr 18 - Apr 20 2019,Palmetto High School Golf Championship,https://score.golfstat.com/eventlist.cfm?type=I&eventid=16956,2019,Other
I,17012,Apr 13 - Apr 13 2019,Carroll Invitational Hosted by Carroll High School,https://score.golfstat.com/eventlist.cfm?type=I&eventid=17012,2019,Other
I,16498,Jan 03 - Jan 06 2019,Junior Orange Bowl International Championship,https://score.golfstat.com/eventlist.cfm?type=I&eventid=16498,2019,Junior Orange Bowl
I,16327,Oct 08 - Oct 09 2018,2018 Wisconsin Girls State Championship,https://score.golfstat.com/eventlist.cfm?type=I&eventid=16327,2018,Other
I,14735,Sep 10 - Sep 10 2018,2018 OSAA State Championship,https://score.golfstat.com/eventlist.cfm?type=I&eventid=14735,2018,Other
I,14749,Jun 12 - Jun 15 2018,2018 Toyota Junior World Cup,https://score.golfstat.com/eventlist.cfm?type=I&eventid=14749,2018,Toyota Junior World Cup
I,14748,Jun 04 - Jun 05 2018,2018 Wisconsin Boys State Championship,https://score.golfstat.com/eventlist.cfm?type=I&eventid=14748,2018,Other
I,14624,Apr 14 - Apr 14 2018,Carrol Invitational hosted by Carroll High School,https://score.golfstat.com/eventlist.cfm?type=I&eventid=14624,2018,Other
I,14446,Mar 30 - Mar 31 2018,Palmetto High School Golf Championship,https://score.golfstat.com/eventlist.cfm?type=I&eventid=14446,2018,Other
I,14195,Dec 27 - Jan 15 2017,Junior Orange Bowl International Championship,https://score.golfstat.com/eventlist.cfm?type=I&eventid=14195,2017,Junior Orange Bowl
I,13943,Oct 09 - Oct 10 2017,Wisconsin Girls State Championship,https://score.golfstat.com/eventlist.cfm?type=I&eventid=13943,2017,Other
I,13944,Oct 09 - Oct 10 2017,Wisconsin Girls Divison 2 State Championship,https://score.golfstat.com/eventlist.cfm?type=I&eventid=13944,2017,Other
I,12351,Jul 08 - Jul 18 2017,Colllege Golf West Combine,https://score.golfstat.com/eventlist.cfm?type=I&eventid=12351,2017,Other
I,12345,Jun 13 - Jun 16 2017,Toyota Junior World Cup,https://score.golfstat.com/eventlist.cfm?type=I&eventid=12345,2017,Toyota Junior World Cup
I,12340,Jun 05 - Jun 06 2017,2017 Wisconsin Boys State Championships,https://score.golfstat.com/eventlist.cfm?type=I&eventid=12340,2017,Other
I,12338,May 15 - May 16 2017,2017 OSAA State Championship,https://score.golfstat.com/eventlist.cfm?type=I&eventid=12338,2017,Other
I,12227,Apr 20 - Apr 22 2017,Junior Invitational at Sage Valley,https://score.golfstat.com/eventlist.cfm?type=I&eventid=12227,2017,Sage Valley
I,12194,Apr 13 - Apr 15 2017,Palmetto High School Golf Championship,https://score.golfstat.com/eventlist.cfm?type=I&eventid=12194,2017,Other
I,11816,Feb 24 - Feb 26 2017,Dustin Johnson,https://score.golfstat.com/eventlist.cfm?type=I&eventid=11816,2017,Dustin Johnson World Junior
I,11734,Jan 27 - Jan 30 2017,Junior Orange Bowl International Championship,https://score.golfstat.com/eventlist.cfm?type=I&eventid=11734,2017,Junior Orange Bowl
I,10571,Oct 25 - Nov 02 2016,Florida High School State Championship,https://score.golfstat.com/eventlist.cfm?type=I&eventid=10571,2016,Other
I,10570,Oct 10 - Oct 11 2016,Wisconsin State Girls Championship,https://score.golfstat.com/eventlist.cfm?type=I&eventid=10570,2016,Other
I,9751,Jun 06 - Jun 07 2016,2016 Wisconsin Boys State Championship,https://score.golfstat.com/eventlist.cfm?type=I&eventid=9751,2016,Other
I,9128,Jun 05 - Jun 06 2016,NYSPHSAA State Championship,https://score.golfstat.com/eventlist.cfm?type=I&eventid=9128,2016,Other
I,9623,May 16 - May 17 2016,OSAA-US Bank-Les Schwab Tires State Championship,https://score.golfstat.com/eventlist.cfm?type=I&eventid=9623,2016,Other
I,9517,Apr 21 - Apr 23 2016,Sage Valley Junior Invitational,https://score.golfstat.com/eventlist.cfm?type=I&eventid=9517,2016,Sage Valley
I,9448,Mar 24 - Mar 26 2016,Palmetto High School Golf Championship,https://score.golfstat.com/eventlist.cfm?type=I&eventid=9448,2016,Other
I,9301,Feb 13 - Feb 15 2016,Dustin Johnson World Junior,https://score.golfstat.com/eventlist.cfm?type=I&eventid=9301,2016,Dustin Johnson World Junior
I,9186,Jan 08 - Jan 31 2016,Oregon HS Test,https://score.golfstat.com/eventlist.cfm?type=I&eventid=9186,2016,Other
I,9119,Dec 27 - Dec 30 2015,Junior Orange Bowl International Golf Championship,https://score.golfstat.com/eventlist.cfm?type=I&eventid=9119,2015,Junior Orange Bowl
I,8145,Oct 12 - Oct 13 2015,Wisconsin State Girls Championship,https://score.golfstat.com/eventlist.cfm?type=I&eventid=8145,2015,Other
I,7344,Jun 08 - Jun 09 2015,Connecticut State Championships,https://score.golfstat.com/eventlist.cfm?type=I&eventid=7344,2015,Other
I,7117,Jun 08 - Jun 09 2015,2015 Wisonsin Boys State Championship,https://score.golfstat.com/eventlist.cfm?type=I&eventid=7117,2015,Other
I,7342,May 23 - May 24 2015,UGA Golf Course Junior Classic,https://score.golfstat.com/eventlist.cfm?type=I&eventid=7342,2015,Other
I,7130,May 18 - May 18 2015,2015 GHSA State Golf Champions presented by E-Z-Go,https://score.golfstat.com/eventlist.cfm?type=I&eventid=7130,2015,Other
I,7165,May 18 - May 19 2015,OSAA-US Bank-Les Schwab Tires State Championship,https://score.golfstat.com/eventlist.cfm?type=I&eventid=7165,2015,Other
I,7256,Apr 18 - Apr 19 2015,SJGT Kinderlou Forest Junior Classic,https://score.golfstat.com/eventlist.cfm?type=I&eventid=7256,2015,Other
I,6929,Apr 02 - Apr 04 2015,Palmetto High School Golf Championship,https://score.golfstat.com/eventlist.cfm?type=I&eventid=6929,2015,Other
I,6707,Dec 27 - Dec 30 2014,Junior Orange Bowl International Golf Championship,https://score.golfstat.com/eventlist.cfm?type=I&eventid=6707,2014,Junior Orange Bowl
I,6698,Dec 06 - Dec 07 2014,SJGT Tournament of Champions - 2014,https://score.golfstat.com/eventlist.cfm?type=I&eventid=6698,2014,Other
I,5419,Oct 13 - Oct 14 2014,Wisconsin Girls State Championship,https://score.golfstat.com/eventlist.cfm?type=I&eventid=5419,2014,Other
I,6351,Oct 09 - Oct 11 2014,Leachman Buick-GMC-Cadillac/KHSAA Boys State Golf,https://score.golfstat.com/eventlist.cfm?type=I&eventid=6351,2014,Other
I,6352,Oct 06 - Oct 08 2014,Leachman Buick-GMC-Cadillac/KHSAA Girls State Golf,https://score.golfstat.com/eventlist.cfm?type=I&eventid=6352,2014,Other
I,4912,Jun 17 - Jun 18 2014,78th Indiana Boys High School State Finals,https://score.golfstat.com/eventlist.cfm?type=I&eventid=4912,2014,Other
I,4915,Jun 09 - Jun 11 2014,Connecticut State Championships,https://score.golfstat.com/eventlist.cfm?type=I&eventid=4915,2014,Other
I,4774,Jun 09 - Jun 10 2014,2014 Wisconsin Boys State Championship,https://score.golfstat.com/eventlist.cfm?type=I&eventid=4774,2014,Other
I,4775,May 19 - May 19 2014,2014 GHSA State Golf Champions presented by E-Z-Go,https://score.golfstat.com/eventlist.cfm?type=I&eventid=4775,2014,Other
I,4835,May 19 - May 20 2014,OSAA-US Bank-Les Schwab Tires State Championship,https://score.golfstat.com/eventlist.cfm?type=I&eventid=4835,2014,Other
I,4772,Apr 17 - Apr 19 2014,Palmetto High School Golf Championship,https://score.golfstat.com/eventlist.cfm?type=I&eventid=4772,2014,Other
I,4516,Dec 27 - Dec 30 2013,Junior Orange Bowl International Golf Championship,https://score.golfstat.com/eventlist.cfm?type=I&eventid=4516,2013,Junior Orange Bowl
I,4501,Nov 11 - Nov 30 2013,High School Test,https://score.golfstat.com/eventlist.cfm?type=I&eventid=4501,2013,Other
I,4111,Oct 14 - Oct 15 2013,Wisconsin Girls State Championship,https://score.golfstat.com/eventlist.cfm?type=I&eventid=4111,2013,Other
I,4019,Oct 10 - Oct 12 2013,Leachman Buick-GMC-Cadillac/KHSAA Girls State Golf,https://score.golfstat.com/eventlist.cfm?type=I&eventid=4019,2013,Other
I,4018,Oct 07 - Oct 09 2013,Leachman Buick-GMC_Cadillac/KHSAA Boys State Golf,https://score.golfstat.com/eventlist.cfm?type=I&eventid=4018,2013,Other
I,4407,Oct 04 - Oct 05 2013,41st Indiana High School Girls State Finals,https://score.golfstat.com/eventlist.cfm?type=I&eventid=4407,2013,Other
I,3891,Jun 11 - Jun 12 2013,77th Indiana High School Boys State Finals,https://score.golfstat.com/eventlist.cfm?type=I&eventid=3891,2013,Other
I,3815,Jun 03 - Jun 04 2013,2013 Wisconsin Boys State Championship,https://score.golfstat.com/eventlist.cfm?type=I&eventid=3815,2013,Other
I,3816,Jun 03 - Jun 10 2013,Connecticut State Championships,https://score.golfstat.com/eventlist.cfm?type=I&eventid=3816,2013,Other
I,3882,May 13 - May 14 2013,OSAA-US Bank-Les Schwab Tires State Championship,https://score.golfstat.com/eventlist.cfm?type=I&eventid=3882,2013,Other
I,3684,Mar 28 - Mar 30 2013,Palmetto High School Golf Championship,https://score.golfstat.com/eventlist.cfm?type=I&eventid=3684,2013,Other
I,3544,Dec 27 - Dec 30 2012,Junior Orange Bowl International Golf Championship,https://score.golfstat.com/eventlist.cfm?type=I&eventid=3544,2012,Junior Orange Bowl
I,3344,Oct 08 - Oct 09 2012,Wisconsin Girls State Championship,https://score.golfstat.com/eventlist.cfm?type=I&eventid=3344,2012,Other
I,3384,Oct 05 - Oct 06 2012,Leachman Buick-GMC-Cadillac/KHSAA Boys State Golf,https://score.golfstat.com/eventlist.cfm?type=I&eventid=3384,2012,Other
I,3385,Oct 02 - Oct 03 2012,Leachman Buick-GMC-Cadillac/KHSAA Girls State Golf,https://score.golfstat.com/eventlist.cfm?type=I&eventid=3385,2012,Other
I,3331,Sep 28 - Sep 29 2012,40th Indiana High School Girls State Finals,https://score.golfstat.com/eventlist.cfm?type=I&eventid=3331,2012,Other
I,3322,Sep 22 - Sep 22 2012,Michigan Girls High School Golf Classic,https://score.golfstat.com/eventlist.cfm?type=I&eventid=3322,2012,Other
I,2987,Jun 12 - Jun 13 2012,76th Indiana High School Boys State Finals,https://score.golfstat.com/eventlist.cfm?type=I&eventid=2987,2012,Other
I,2984,Jun 04 - Jun 05 2012,2012 Wisconsin Boys State Championship,https://score.golfstat.com/eventlist.cfm?type=I&eventid=2984,2012,Other
I,2966,May 14 - May 15 2012,OSAA-US Bank-Les Schwab Tires State Championship,https://score.golfstat.com/eventlist.cfm?type=I&eventid=2966,2012,Other
I,2920,Apr 30 - May 01 2012,Texas UIL State Golf Championships,https://score.golfstat.com/eventlist.cfm?type=I&eventid=2920,2012,Other
I,2822,Apr 05 - Apr 07 2012,Palmetto High School Golf Championship,https://score.golfstat.com/eventlist.cfm?type=I&eventid=2822,2012,Other
I,2710,Dec 27 - Dec 30 2011,Junior Orange Bowl International Golf Championship,https://score.golfstat.com/eventlist.cfm?type=I&eventid=2710,2011,Junior Orange Bowl
I,2334,Oct 10 - Oct 11 2011,Wisconsin Girls State Championship,https://score.golfstat.com/eventlist.cfm?type=I&eventid=2334,2011,Other
I,2567,Oct 07 - Oct 08 2011,Leachman Buick-GMC-Cadillac/KHSAA Girls State Golf,https://score.golfstat.com/eventlist.cfm?type=I&eventid=2567,2011,Other
I,2568,Oct 04 - Oct 05 2011,Leachman Buick-GMC-Cadillac/KHSAA Boys State Golf,https://score.golfstat.com/eventlist.cfm?type=I&eventid=2568,2011,Other
I,2547,Sep 30 - Oct 01 2011,39th Indiana High School Girls State Finals,https://score.golfstat.com/eventlist.cfm?type=I&eventid=2547,2011,Other
I,2268,Jun 14 - Jun 15 2011,75th Indiana High School Boys State Finals,https://score.golfstat.com/eventlist.cfm?type=I&eventid=2268,2011,Other
I,2267,Jun 06 - Jun 07 2011,2011 Wisconsin Boys State Championship,https://score.golfstat.com/eventlist.cfm?type=I&eventid=2267,2011,Other
I,2238,May 16 - May 17 2011,OSAA-US Bank-Les Schwab Tires State Championship,https://score.golfstat.com/eventlist.cfm?type=I&eventid=2238,2011,Other
I,2239,May 09 - May 13 2011,Texas UIL State Golf Championships,https://score.golfstat.com/eventlist.cfm?type=I&eventid=2239,2011,Other
I,2149,Apr 21 - Apr 23 2011,Palmetto High School Golf Championship,https://score.golfstat.com/eventlist.cfm?type=I&eventid=2149,2011,Other
I,2048,Dec 27 - Dec 30 2010,Junior Orange Bowl International Golf Championship,https://score.golfstat.com/eventlist.cfm?type=I&eventid=2048,2010,Junior Orange Bowl
I,1982,Oct 11 - Oct 12 2010,Wisconsin Girls State Championship,https://score.golfstat.com/eventlist.cfm?type=I&eventid=1982,2010,Other
I,1814,Oct 08 - Oct 09 2010,Leachman/KHSAA Boys' State Tournament,https://score.golfstat.com/eventlist.cfm?type=I&eventid=1814,2010,Other
I,1815,Oct 05 - Oct 06 2010,Leachman/KHSAA Girls State Tournament,https://score.golfstat.com/eventlist.cfm?type=I&eventid=1815,2010,Other
I,1981,Oct 01 - Oct 02 2010,38th Indiana High School Girls State Finals,https://score.golfstat.com/eventlist.cfm?type=I&eventid=1981,2010,Other
I,1669,Jun 15 - Jun 16 2010,74th Indiana High School Boys State Finals,https://score.golfstat.com/eventlist.cfm?type=I&eventid=1669,2010,Other
I,1661,Jun 07 - Jun 08 2010,2010 Wisconsin Boys' State Championship,https://score.golfstat.com/eventlist.cfm?type=I&eventid=1661,2010,Other
I,1659,May 17 - May 18 2010,OSAA-US Bank-Les Schwab Tires State Championship,https://score.golfstat.com/eventlist.cfm?type=I&eventid=1659,2010,Other
I,1660,May 10 - May 14 2010,Texas UIL State Golf Championships,https://score.golfstat.com/eventlist.cfm?type=I&eventid=1660,2010,Other
I,1590,Apr 01 - Apr 03 2010,Palmetto High School Golf Championship,https://score.golfstat.com/eventlist.cfm?type=I&eventid=1590,2010,Other
I,1555,Dec 27 - Dec 30 2009,Junior Orange Bowl International Golf Championship,https://score.golfstat.com/eventlist.cfm?type=I&eventid=1555,2009,Junior Orange Bowl
I,1473,Oct 12 - Oct 13 2009,Wisconsin Girls State Championship,https://score.golfstat.com/eventlist.cfm?type=I&eventid=1473,2009,Other
I,1451,Oct 09 - Oct 10 2009,Leachman/KHSAA Girls' State Tournament,https://score.golfstat.com/eventlist.cfm?type=I&eventid=1451,2009,Other
I,1450,Oct 06 - Oct 07 2009,Leachman/KHSAA Boys' State Tournament,https://score.golfstat.com/eventlist.cfm?type=I&eventid=1450,2009,Other
I,1472,Oct 02 - Oct 03 2009,37th Indiana High School Girls State Finals,https://score.golfstat.com/eventlist.cfm?type=I&eventid=1472,2009,Other
I,1263,Jun 16 - Jun 17 2009,73rd Annual Indiana High School Boys State Finals,https://score.golfstat.com/eventlist.cfm?type=I&eventid=1263,2009,Other
I,1179,Jun 08 - Jun 09 2009,2009 Wisconsin Boys' State Championship,https://score.golfstat.com/eventlist.cfm?type=I&eventid=1179,2009,Other
I,1252,May 18 - May 19 2009,OSAA US Bank Les Schwab Tires State Champ.,https://score.golfstat.com/eventlist.cfm?type=I&eventid=1252,2009,Other
I,1254,Apr 17 - Apr 18 2009,Tri-State Invitational,https://score.golfstat.com/eventlist.cfm?type=I&eventid=1254,2009,Other
I,1158,Dec 27 - Dec 30 2008,Junior Orange Bowl International Golf Championship,https://score.golfstat.com/eventlist.cfm?type=I&eventid=1158,2008,Junior Orange Bowl
I,1080,Oct 13 - Oct 14 2008,Wisconsin Girls' State Championship,https://score.golfstat.com/eventlist.cfm?type=I&eventid=1080,2008,Other
I,1079,Oct 10 - Oct 11 2008,Leachman /KHSAA Boys' State Tournament,https://score.golfstat.com/eventlist.cfm?type=I&eventid=1079,2008,Other
I,1078,Oct 07 - Oct 09 2008,Leachman /KHSAA Girls' State Tournament,https://score.golfstat.com/eventlist.cfm?type=I&eventid=1078,2008,Other
I,1103,Oct 03 - Oct 04 2008,36th Indiana High School Girls State Finals,https://score.golfstat.com/eventlist.cfm?type=I&eventid=1103,2008,Other
I,1049,Jun 10 - Jun 11 2008,72nd Annual Indiana High School Boys State Finals,https://score.golfstat.com/eventlist.cfm?type=I&eventid=1049,2008,Other
I,1043,May 12 - May 13 2008,OSAA US Bank Les Schwab Tires State Champ.,https://score.golfstat.com/eventlist.cfm?type=I&eventid=1043,2008,Other
I,1001,Dec 27 - Dec 30 2007,Junior Orange Bowl International Golf Championship,https://score.golfstat.com/eventlist.cfm?type=I&eventid=1001,2007,Junior Orange Bowl
I,892,Oct 05 - Oct 06 2007,Leachman Buick&GMC/KHSAA Girls' State Tournament,https://score.golfstat.com/eventlist.cfm?type=I&eventid=892,2007,Other
I,891,Oct 02 - Oct 03 2007,Leachman Buick&GMC/KHSAA Boys' State Tournament,https://score.golfstat.com/eventlist.cfm?type=I&eventid=891,2007,Other
I,905,Sep 28 - Sep 29 2007,35th Indiana Girls High School State Finals,https://score.golfstat.com/eventlist.cfm?type=I&eventid=905,2007,Other
I,851,Jun 12 - Jun 13 2007,71st Annual Indiana High School Boys State Finals,https://score.golfstat.com/eventlist.cfm?type=I&eventid=851,2007,Other
I,850,May 14 - May 15 2007,OSAA US Bank Les Schwab Tires State Champ.,https://score.golfstat.com/eventlist.cfm?type=I&eventid=850,2007,Other
I,758,Dec 27 - Dec 30 2006,Junior Orange Bowl International Golf Championship,https://score.golfstat.com/eventlist.cfm?type=I&eventid=758,2006,Junior Orange Bowl
I,693,Oct 06 - Oct 07 2006,Leachman Buick&GMC/KHSAA Boys' State Tournament,https://score.golfstat.com/eventlist.cfm?type=I&eventid=693,2006,Other
I,692,Oct 03 - Oct 04 2006,Leachman Buick&GMC/KHSAA Girls' State Tournament,https://score.golfstat.com/eventlist.cfm?type=I&eventid=692,2006,Other
I,741,Sep 29 - Sep 30 2006,34th Indiana Girls High School State Finals,https://score.golfstat.com/eventlist.cfm?type=I&eventid=741,2006,Other
I,683,Jun 13 - Jun 14 2006,70th Annual Indiana High School Boys State Finals,https://score.golfstat.com/eventlist.cfm?type=I&eventid=683,2006,Other
I,564,Oct 06 - Oct 07 2005,Leachman Buick-GMC-KHSAA Boys' State Golf Tourn.,https://score.golfstat.com/eventlist.cfm?type=I&eventid=564,2005,Other
I,563,Oct 04 - Oct 05 2005,Leachman Buick/GMC-KHSAA Girls' State Golf Tourn.,https://score.golfstat.com/eventlist.cfm?type=I&eventid=563,2005,Other
I,578,Sep 30 - Oct 01 2005,33rd Indiana Girls High School State Finals,https://score.golfstat.com/eventlist.cfm?type=I&eventid=578,2005,Other
I,549,Jun 14 - Jun 15 2005,69th Annual Indiana High School Boys State Finals,https://score.golfstat.com/eventlist.cfm?type=I&eventid=549,2005,Other
I,486,Nov 05 - Nov 07 2004,Teens On The Green,https://score.golfstat.com/eventlist.cfm?type=I&eventid=486,2004,Other
I,481,Oct 15 - Oct 16 2004,Illinois High School Assoc. State Championships,https://score.golfstat.com/eventlist.cfm?type=I&eventid=481,2004,Other
I,465,Oct 07 - Oct 08 2004,Leachman Buick-GMC-KHSAA Boys' State Golf Tourn.,https://score.golfstat.com/eventlist.cfm?type=I&eventid=465,2004,Other
I,466,Oct 05 - Oct 06 2004,Leachman Buick/GMC-KHSAA Girls' State Golf Tourn.,https://score.golfstat.com/eventlist.cfm?type=I&eventid=466,2004,Other
I,479,Oct 01 - Oct 02 2004,32nd Indiana Girls High School State Finals,https://score.golfstat.com/eventlist.cfm?type=I&eventid=479,2004,Other
I,446,Jun 15 - Jun 16 2004,68th Annual Indiana High School Boys State Finals,https://score.golfstat.com/eventlist.cfm?type=I&eventid=446,2004,Other
I,444,May 17 - May 18 2004,Oregon 4A Boys Golf Championship,https://score.golfstat.com/eventlist.cfm?type=I&eventid=444,2004,Other
I,378,Oct 17 - Oct 18 2003,Illinois High School Assoc. State Championships,https://score.golfstat.com/eventlist.cfm?type=I&eventid=378,2003,Other
I,301,Jun 24 - Jun 26 2002,COUNTRY Youth Classic,https://score.golfstat.com/eventlist.cfm?type=I&eventid=301,2002,Other
