tournament_id,event,dates,board_type,label,position,name,score,source_file
29296,WIAA State Girls D1 Golf Champion,Oct 14 - Oct 15 2024,player,Individual Leaders,T1,McKenna Nelson,-6,raw/miniboards/pleaderboard_29296.html
29296,WIAA State Girls D1 Golf Champion,Oct 14 - Oct 15 2024,player,Individual Leaders,T1,Payton Haugen,-6,raw/miniboards/pleaderboard_29296.html
29296,WIAA State Girls D1 Golf Champion,Oct 14 - Oct 15 2024,player,Individual Leaders,3,Abby Henriksen,+3,raw/miniboards/pleaderboard_29296.html
29296,WIAA State Girls D1 Golf Champion,Oct 14 - Oct 15 2024,player,Individual Leaders,4,Daniella Honkamp,+5,raw/miniboards/pleaderboard_29296.html
29296,WIAA State Girls D1 Golf Champion,Oct 14 - Oct 15 2024,player,Individual Leaders,5,Zoe Gryniewicz,+10,raw/miniboards/pleaderboard_29296.html
29296,WIAA State Girls D1 Golf Champion,Oct 14 - Oct 15 2024,player,Individual Leaders,6,Annika Jafferis,+12,raw/miniboards/pleaderboard_29296.html
29296,WIAA State Girls D1 Golf Champion,Oct 14 - Oct 15 2024,player,Individual Leaders,7,Ava Roesch,+13,raw/miniboards/pleaderboard_29296.html
29296,WIAA State Girls D1 Golf Champion,Oct 14 - Oct 15 2024,player,Individual Leaders,T8,Karalyn Skinner,+14,raw/miniboards/pleaderboard_29296.html
29296,WIAA State Girls D1 Golf Champion,Oct 14 - Oct 15 2024,player,Individual Leaders,T8,Allison Guiser,+14,raw/miniboards/pleaderboard_29296.html
29296,WIAA State Girls D1 Golf Champion,Oct 14 - Oct 15 2024,player,Individual Leaders,10,Charlie Clinefelter,+15,raw/miniboards/pleaderboard_29296.html
29297,WIAA State Girls D2 Golf Champion,Oct 14 - Oct 15 2024,player,Individual Leaders,1,Belle Kongshaug,+9,raw/miniboards/pleaderboard_29297.html
29297,WIAA State Girls D2 Golf Champion,Oct 14 - Oct 15 2024,player,Individual Leaders,2,Addison Kofal,+16,raw/miniboards/pleaderboard_29297.html
29297,WIAA State Girls D2 Golf Champion,Oct 14 - Oct 15 2024,player,Individual Leaders,3,Tara Eckes,+18,raw/miniboards/pleaderboard_29297.html
29297,WIAA State Girls D2 Golf Champion,Oct 14 - Oct 15 2024,player,Individual Leaders,4,Aubrey Molaison,+21,raw/miniboards/pleaderboard_29297.html
29297,WIAA State Girls D2 Golf Champion,Oct 14 - Oct 15 2024,player,Individual Leaders,5,Avery Voeltz,+30,raw/miniboards/pleaderboard_29297.html
29297,WIAA State Girls D2 Golf Champion,Oct 14 - Oct 15 2024,player,Individual Leaders,6,Layla Thompson,+33,raw/miniboards/pleaderboard_29297.html
29297,WIAA State Girls D2 Golf Champion,Oct 14 - Oct 15 2024,player,Individual Leaders,7,Tennysen Makepeace,+36,raw/miniboards/pleaderboard_29297.html
29297,WIAA State Girls D2 Golf Champion,Oct 14 - Oct 15 2024,player,Individual Leaders,8,Ava Thompson,+37,raw/miniboards/pleaderboard_29297.html
29297,WIAA State Girls D2 Golf Champion,Oct 14 - Oct 15 2024,player,Individual Leaders,9,Morgan Lewis,+39,raw/miniboards/pleaderboard_29297.html
29297,WIAA State Girls D2 Golf Champion,Oct 14 - Oct 15 2024,player,Individual Leaders,10,Taylor Miller,+41,raw/miniboards/pleaderboard_29297.html
29330,The Elite Invitational,Nov 1 - Nov 3 2024,player,Individual Leaders,1,Miles Russell,-7,raw/miniboards/pleaderboard_29330.html
29330,The Elite Invitational,Nov 1 - Nov 3 2024,player,Individual Leaders,2,Jessy Huebner,-4,raw/miniboards/pleaderboard_29330.html
29330,The Elite Invitational,Nov 1 - Nov 3 2024,player,Individual Leaders,T3,Emile Lebrun,-3,raw/miniboards/pleaderboard_29330.html
29330,The Elite Invitational,Nov 1 - Nov 3 2024,player,Individual Leaders,T3,Jager Pain,-3,raw/miniboards/pleaderboard_29330.html
29330,The Elite Invitational,Nov 1 - Nov 3 2024,player,Individual Leaders,5,Lucas Gimenez,-2,raw/miniboards/pleaderboard_29330.html
29330,The Elite Invitational,Nov 1 - Nov 3 2024,player,Individual Leaders,T6,Eli Walker Campbell,-1,raw/miniboards/pleaderboard_29330.html
29330,The Elite Invitational,Nov 1 - Nov 3 2024,player,Individual Leaders,T6,Peyton Blackard,-1,raw/miniboards/pleaderboard_29330.html
29330,The Elite Invitational,Nov 1 - Nov 3 2024,player,Individual Leaders,T6,Arrow Aarav Shah,-1,raw/miniboards/pleaderboard_29330.html
29330,The Elite Invitational,Nov 1 - Nov 3 2024,player,Individual Leaders,T9,Nicolas Bencomo,E,raw/miniboards/pleaderboard_29330.html
29330,The Elite Invitational,Nov 1 - Nov 3 2024,player,Individual Leaders,T9,Cameron Reed,E,raw/miniboards/pleaderboard_29330.html
29331,The Elite Invitational,Nov 1 - Nov 3 2024,player,Individual Leaders,T1,Clara Ding,-6,raw/miniboards/pleaderboard_29331.html
29331,The Elite Invitational,Nov 1 - Nov 3 2024,player,Individual Leaders,T1,Michelle Xing,-6,raw/miniboards/pleaderboard_29331.html
29331,The Elite Invitational,Nov 1 - Nov 3 2024,player,Individual Leaders,3,Aphrodite Deng,-3,raw/miniboards/pleaderboard_29331.html
29331,The Elite Invitational,Nov 1 - Nov 3 2024,player,Individual Leaders,T4,Anna Huang,-2,raw/miniboards/pleaderboard_29331.html
29331,The Elite Invitational,Nov 1 - Nov 3 2024,player,Individual Leaders,T4,Nobelle Park,-2,raw/miniboards/pleaderboard_29331.html
29331,The Elite Invitational,Nov 1 - Nov 3 2024,player,Individual Leaders,T4,Ann-Sophie Bourgault,-2,raw/miniboards/pleaderboard_29331.html
29331,The Elite Invitational,Nov 1 - Nov 3 2024,player,Individual Leaders,T7,Caroline Hawkins,-1,raw/miniboards/pleaderboard_29331.html
29331,The Elite Invitational,Nov 1 - Nov 3 2024,player,Individual Leaders,T7,Georgia Blount,-1,raw/miniboards/pleaderboard_29331.html
29331,The Elite Invitational,Nov 1 - Nov 3 2024,player,Individual Leaders,T7,Clairey Lin,-1,raw/miniboards/pleaderboard_29331.html
29331,The Elite Invitational,Nov 1 - Nov 3 2024,player,Individual Leaders,10,Bella Dovhey,+1,raw/miniboards/pleaderboard_29331.html
29417,2025 WIAA Boys Championship - D1,Jun 8 - Jun 10 2025,player,Individual Leaders,T1,Peyton Albers,-4,raw/miniboards/pleaderboard_29417.html
29417,2025 WIAA Boys Championship - D1,Jun 8 - Jun 10 2025,player,Individual Leaders,T1,Drake Card,-4,raw/miniboards/pleaderboard_29417.html
29417,2025 WIAA Boys Championship - D1,Jun 8 - Jun 10 2025,player,Individual Leaders,3,Kade Wieland,-2,raw/miniboards/pleaderboard_29417.html
29417,2025 WIAA Boys Championship - D1,Jun 8 - Jun 10 2025,player,Individual Leaders,4,Owen Kuepper,-1,raw/miniboards/pleaderboard_29417.html
29417,2025 WIAA Boys Championship - D1,Jun 8 - Jun 10 2025,player,Individual Leaders,T5,Lincoln Hottmann,+1,raw/miniboards/pleaderboard_29417.html
29417,2025 WIAA Boys Championship - D1,Jun 8 - Jun 10 2025,player,Individual Leaders,T5,Creede Neuberger,+1,raw/miniboards/pleaderboard_29417.html
29417,2025 WIAA Boys Championship - D1,Jun 8 - Jun 10 2025,player,Individual Leaders,T5,Hayes Packee,+1,raw/miniboards/pleaderboard_29417.html
29417,2025 WIAA Boys Championship - D1,Jun 8 - Jun 10 2025,player,Individual Leaders,T5,Sam Swavely,+1,raw/miniboards/pleaderboard_29417.html
29417,2025 WIAA Boys Championship - D1,Jun 8 - Jun 10 2025,player,Individual Leaders,9,Alex Kim,+2,raw/miniboards/pleaderboard_29417.html
29417,2025 WIAA Boys Championship - D1,Jun 8 - Jun 10 2025,player,Individual Leaders,10,Russell Harder,+3,raw/miniboards/pleaderboard_29417.html
29418,2025 WIAA Boys Championship - D2,Jun 8 - Jun 10 2025,player,Individual Leaders,T1,Kian Bystol Flores,+3,raw/miniboards/pleaderboard_29418.html
29418,2025 WIAA Boys Championship - D2,Jun 8 - Jun 10 2025,player,Individual Leaders,T1,Vince Sigl,+3,raw/miniboards/pleaderboard_29418.html
29418,2025 WIAA Boys Championship - D2,Jun 8 - Jun 10 2025,player,Individual Leaders,3,Fritz Knudtson,+6,raw/miniboards/pleaderboard_29418.html
29418,2025 WIAA Boys Championship - D2,Jun 8 - Jun 10 2025,player,Individual Leaders,4,Tyler Short,+7,raw/miniboards/pleaderboard_29418.html
29418,2025 WIAA Boys Championship - D2,Jun 8 - Jun 10 2025,player,Individual Leaders,5,Tyler Reiter,+8,raw/miniboards/pleaderboard_29418.html
29418,2025 WIAA Boys Championship - D2,Jun 8 - Jun 10 2025,player,Individual Leaders,T6,Elliot Skinner,+10,raw/miniboards/pleaderboard_29418.html
29418,2025 WIAA Boys Championship - D2,Jun 8 - Jun 10 2025,player,Individual Leaders,T6,Jackson Albee,+10,raw/miniboards/pleaderboard_29418.html
29418,2025 WIAA Boys Championship - D2,Jun 8 - Jun 10 2025,player,Individual Leaders,8,Jack Nelson,+11,raw/miniboards/pleaderboard_29418.html
29418,2025 WIAA Boys Championship - D2,Jun 8 - Jun 10 2025,player,Individual Leaders,T9,Collin Draeger,+12,raw/miniboards/pleaderboard_29418.html
29418,2025 WIAA Boys Championship - D2,Jun 8 - Jun 10 2025,player,Individual Leaders,T9,Sullivan Mellowes,+12,raw/miniboards/pleaderboard_29418.html
29422,2025 WIAA Boys Championship - D3,Jun 8 - Jun 10 2025,player,Individual Leaders,1,Tucker Johnson,+8,raw/miniboards/pleaderboard_29422.html
29422,2025 WIAA Boys Championship - D3,Jun 8 - Jun 10 2025,player,Individual Leaders,2,Troy Pudenz,+10,raw/miniboards/pleaderboard_29422.html
29422,2025 WIAA Boys Championship - D3,Jun 8 - Jun 10 2025,player,Individual Leaders,T3,Simon Cole,+12,raw/miniboards/pleaderboard_29422.html
29422,2025 WIAA Boys Championship - D3,Jun 8 - Jun 10 2025,player,Individual Leaders,T3,Oliver Leibham,+12,raw/miniboards/pleaderboard_29422.html
29422,2025 WIAA Boys Championship - D3,Jun 8 - Jun 10 2025,player,Individual Leaders,5,Matti Heikkinen,+13,raw/miniboards/pleaderboard_29422.html
29422,2025 WIAA Boys Championship - D3,Jun 8 - Jun 10 2025,player,Individual Leaders,6,Cameron Lipinski,+14,raw/miniboards/pleaderboard_29422.html
29422,2025 WIAA Boys Championship - D3,Jun 8 - Jun 10 2025,player,Individual Leaders,7,Carter Koch,+15,raw/miniboards/pleaderboard_29422.html
29422,2025 WIAA Boys Championship - D3,Jun 8 - Jun 10 2025,player,Individual Leaders,8,Aaron Federwisch,+16,raw/miniboards/pleaderboard_29422.html
29422,2025 WIAA Boys Championship - D3,Jun 8 - Jun 10 2025,player,Individual Leaders,T9,Ben Baker,+17,raw/miniboards/pleaderboard_29422.html
29422,2025 WIAA Boys Championship - D3,Jun 8 - Jun 10 2025,player,Individual Leaders,T9,Bryce Killoren,+17,raw/miniboards/pleaderboard_29422.html
29433,2025 Toyota Junior Golf World Cup - Boys,Jun 24 - Jun 27 2025,player,Individual Leaders,T1,Tomas Restrepo,-19,raw/miniboards/pleaderboard_29433.html
29433,2025 Toyota Junior Golf World Cup - Boys,Jun 24 - Jun 27 2025,player,Individual Leaders,T1,Taisei Nagasaki,-19,raw/miniboards/pleaderboard_29433.html
29433,2025 Toyota Junior Golf World Cup - Boys,Jun 24 - Jun 27 2025,player,Individual Leaders,3,Brooks Simmons,-17,raw/miniboards/pleaderboard_29433.html
29433,2025 Toyota Junior Golf World Cup - Boys,Jun 24 - Jun 27 2025,player,Individual Leaders,4,Tom De Herrypon,-14,raw/miniboards/pleaderboard_29433.html
29433,2025 Toyota Junior Golf World Cup - Boys,Jun 24 - Jun 27 2025,player,Individual Leaders,5,Lorenzo Rodriguez,-12,raw/miniboards/pleaderboard_29433.html
29433,2025 Toyota Junior Golf World Cup - Boys,Jun 24 - Jun 27 2025,player,Individual Leaders,T6,Minsu Kim,-11,raw/miniboards/pleaderboard_29433.html
29433,2025 Toyota Junior Golf World Cup - Boys,Jun 24 - Jun 27 2025,player,Individual Leaders,T6,Koshin Nagasaki,-11,raw/miniboards/pleaderboard_29433.html
29433,2025 Toyota Junior Golf World Cup - Boys,Jun 24 - Jun 27 2025,player,Individual Leaders,8,Jager Pain,-10,raw/miniboards/pleaderboard_29433.html
29433,2025 Toyota Junior Golf World Cup - Boys,Jun 24 - Jun 27 2025,player,Individual Leaders,9,Mao Matsuyama,-9,raw/miniboards/pleaderboard_29433.html
29433,2025 Toyota Junior Golf World Cup - Boys,Jun 24 - Jun 27 2025,player,Individual Leaders,T10,Robby Turnbull,-8,raw/miniboards/pleaderboard_29433.html
29434,2025 Toyota Junior Golf World Cup - Girls,Jun 24 - Jun 27 2025,player,Individual Leaders,1,Mamika Shinchi,-13,raw/miniboards/pleaderboard_29434.html
29434,2025 Toyota Junior Golf World Cup - Girls,Jun 24 - Jun 27 2025,player,Individual Leaders,2,Kritchanya Kaopattanaskul,-11,raw/miniboards/pleaderboard_29434.html
29434,2025 Toyota Junior Golf World Cup - Girls,Jun 24 - Jun 27 2025,player,Individual Leaders,3,Shauna Liu,-9,raw/miniboards/pleaderboard_29434.html
29434,2025 Toyota Junior Golf World Cup - Girls,Jun 24 - Jun 27 2025,player,Individual Leaders,4,Anna Iwanaga,-8,raw/miniboards/pleaderboard_29434.html
29434,2025 Toyota Junior Golf World Cup - Girls,Jun 24 - Jun 27 2025,player,Individual Leaders,5,Scarlett Schremmer,-7,raw/miniboards/pleaderboard_29434.html
29434,2025 Toyota Junior Golf World Cup - Girls,Jun 24 - Jun 27 2025,player,Individual Leaders,T6,Nikki Oh,-6,raw/miniboards/pleaderboard_29434.html
29434,2025 Toyota Junior Golf World Cup - Girls,Jun 24 - Jun 27 2025,player,Individual Leaders,T6,Prim Prachnakorn,-6,raw/miniboards/pleaderboard_29434.html
29434,2025 Toyota Junior Golf World Cup - Girls,Jun 24 - Jun 27 2025,player,Individual Leaders,8,Michelle Xing,-5,raw/miniboards/pleaderboard_29434.html
29434,2025 Toyota Junior Golf World Cup - Girls,Jun 24 - Jun 27 2025,player,Individual Leaders,9,Pimpisa Rubrong,-4,raw/miniboards/pleaderboard_29434.html
29434,2025 Toyota Junior Golf World Cup - Girls,Jun 24 - Jun 27 2025,player,Individual Leaders,T10,Maria Isabella Errichetto,-3,raw/miniboards/pleaderboard_29434.html
29467,The Elite Invitational Boys,Dec 16 - Dec 18 2025,player,Individual Leaders,1,Grant DeLorenzo,-2,raw/miniboards/pleaderboard_29467.html
29467,The Elite Invitational Boys,Dec 16 - Dec 18 2025,player,Individual Leaders,2,Casen Justice,E,raw/miniboards/pleaderboard_29467.html
29467,The Elite Invitational Boys,Dec 16 - Dec 18 2025,player,Individual Leaders,T3,Liam Maclauchlan,+1,raw/miniboards/pleaderboard_29467.html
29467,The Elite Invitational Boys,Dec 16 - Dec 18 2025,player,Individual Leaders,T3,Jager Pain,+1,raw/miniboards/pleaderboard_29467.html
29467,The Elite Invitational Boys,Dec 16 - Dec 18 2025,player,Individual Leaders,T3,Luke Gossett,+1,raw/miniboards/pleaderboard_29467.html
29467,The Elite Invitational Boys,Dec 16 - Dec 18 2025,player,Individual Leaders,T3,Luc Kelty,+1,raw/miniboards/pleaderboard_29467.html
29467,The Elite Invitational Boys,Dec 16 - Dec 18 2025,player,Individual Leaders,T7,Chase Birdwell,+2,raw/miniboards/pleaderboard_29467.html
29467,The Elite Invitational Boys,Dec 16 - Dec 18 2025,player,Individual Leaders,T7,Barron Mundy,+2,raw/miniboards/pleaderboard_29467.html
29467,The Elite Invitational Boys,Dec 16 - Dec 18 2025,player,Individual Leaders,T7,Austin Krahn,+2,raw/miniboards/pleaderboard_29467.html
29467,The Elite Invitational Boys,Dec 16 - Dec 18 2025,player,Individual Leaders,10,Spencer Shropshire,+3,raw/miniboards/pleaderboard_29467.html
29468,The Elite Invitational Girls,Dec 16 - Dec 18 2025,player,Individual Leaders,1,Asterisk Talley,-5,raw/miniboards/pleaderboard_29468.html
29468,The Elite Invitational Girls,Dec 16 - Dec 18 2025,player,Individual Leaders,T2,Reese Wallace,+2,raw/miniboards/pleaderboard_29468.html
29468,The Elite Invitational Girls,Dec 16 - Dec 18 2025,player,Individual Leaders,T2,Macie Rasmussen,+2,raw/miniboards/pleaderboard_29468.html
29468,The Elite Invitational Girls,Dec 16 - Dec 18 2025,player,Individual Leaders,4,Sophia Dyer,+3,raw/miniboards/pleaderboard_29468.html
29468,The Elite Invitational Girls,Dec 16 - Dec 18 2025,player,Individual Leaders,5,Bella Dovhey,+4,raw/miniboards/pleaderboard_29468.html
29468,The Elite Invitational Girls,Dec 16 - Dec 18 2025,player,Individual Leaders,6,Isabella Fernandez,+5,raw/miniboards/pleaderboard_29468.html
29468,The Elite Invitational Girls,Dec 16 - Dec 18 2025,player,Individual Leaders,T7,Lucy Cook,+6,raw/miniboards/pleaderboard_29468.html
29468,The Elite Invitational Girls,Dec 16 - Dec 18 2025,player,Individual Leaders,T7,Alexa Phung,+6,raw/miniboards/pleaderboard_29468.html
29468,The Elite Invitational Girls,Dec 16 - Dec 18 2025,player,Individual Leaders,T9,Maria Isabella Errichetto,+7,raw/miniboards/pleaderboard_29468.html
29468,The Elite Invitational Girls,Dec 16 - Dec 18 2025,player,Individual Leaders,T9,Ein Kim,+7,raw/miniboards/pleaderboard_29468.html
29296,WIAA State Girls D1 Golf Champion,Oct 14 - Oct 15 2024,team,Team Leaders,1,Divine Savior Holy Angels,+61,raw/miniboards/tleaderboard_29296.html
29296,WIAA State Girls D1 Golf Champion,Oct 14 - Oct 15 2024,team,Team Leaders,2,Prescott,+90,raw/miniboards/tleaderboard_29296.html
29296,WIAA State Girls D1 Golf Champion,Oct 14 - Oct 15 2024,team,Team Leaders,3,Middleton,+91,raw/miniboards/tleaderboard_29296.html
29296,WIAA State Girls D1 Golf Champion,Oct 14 - Oct 15 2024,team,Team Leaders,4,Arrowhead,+99,raw/miniboards/tleaderboard_29296.html
29296,WIAA State Girls D1 Golf Champion,Oct 14 - Oct 15 2024,team,Team Leaders,5,Brookfield East,+104,raw/miniboards/tleaderboard_29296.html
29296,WIAA State Girls D1 Golf Champion,Oct 14 - Oct 15 2024,team,Team Leaders,6,DeForest,+105,raw/miniboards/tleaderboard_29296.html
29296,WIAA State Girls D1 Golf Champion,Oct 14 - Oct 15 2024,team,Team Leaders,7,Kaukauna,+117,raw/miniboards/tleaderboard_29296.html
29296,WIAA State Girls D1 Golf Champion,Oct 14 - Oct 15 2024,team,Team Leaders,8,Hudson,+124,raw/miniboards/tleaderboard_29296.html
29296,WIAA State Girls D1 Golf Champion,Oct 14 - Oct 15 2024,team,Team Leaders,9,Bay Port,+134,raw/miniboards/tleaderboard_29296.html
29296,WIAA State Girls D1 Golf Champion,Oct 14 - Oct 15 2024,team,Team Leaders,10,Westosha Central,+153,raw/miniboards/tleaderboard_29296.html
29297,WIAA State Girls D2 Golf Champion,Oct 14 - Oct 15 2024,team,Team Leaders,1,Edgewood,+180,raw/miniboards/tleaderboard_29297.html
29297,WIAA State Girls D2 Golf Champion,Oct 14 - Oct 15 2024,team,Team Leaders,2,Spooner,+184,raw/miniboards/tleaderboard_29297.html
29297,WIAA State Girls D2 Golf Champion,Oct 14 - Oct 15 2024,team,Team Leaders,3,Catholic Memorial,+213,raw/miniboards/tleaderboard_29297.html
29297,WIAA State Girls D2 Golf Champion,Oct 14 - Oct 15 2024,team,Team Leaders,4,Seymour,+217,raw/miniboards/tleaderboard_29297.html
29297,WIAA State Girls D2 Golf Champion,Oct 14 - Oct 15 2024,team,Team Leaders,5,Hayward,+263,raw/miniboards/tleaderboard_29297.html
29297,WIAA State Girls D2 Golf Champion,Oct 14 - Oct 15 2024,team,Team Leaders,6,Freedom,+289,raw/miniboards/tleaderboard_29297.html
29417,2025 WIAA Boys Championship - D1,Jun 8 - Jun 10 2025,team,Team Leaders,1,Marquette,+8,raw/miniboards/tleaderboard_29417.html
29417,2025 WIAA Boys Championship - D1,Jun 8 - Jun 10 2025,team,Team Leaders,2,Hudson,+27,raw/miniboards/tleaderboard_29417.html
29417,2025 WIAA Boys Championship - D1,Jun 8 - Jun 10 2025,team,Team Leaders,3,Middleton,+33,raw/miniboards/tleaderboard_29417.html
29417,2025 WIAA Boys Championship - D1,Jun 8 - Jun 10 2025,team,Team Leaders,T4,Oconomowoc,+41,raw/miniboards/tleaderboard_29417.html
29417,2025 WIAA Boys Championship - D1,Jun 8 - Jun 10 2025,team,Team Leaders,T4,Edgerton,+41,raw/miniboards/tleaderboard_29417.html
29417,2025 WIAA Boys Championship - D1,Jun 8 - Jun 10 2025,team,Team Leaders,6,DeForest,+43,raw/miniboards/tleaderboard_29417.html
29417,2025 WIAA Boys Championship - D1,Jun 8 - Jun 10 2025,team,Team Leaders,7,Homestead,+46,raw/miniboards/tleaderboard_29417.html
29417,2025 WIAA Boys Championship - D1,Jun 8 - Jun 10 2025,team,Team Leaders,8,De Pere,+47,raw/miniboards/tleaderboard_29417.html
29417,2025 WIAA Boys Championship - D1,Jun 8 - Jun 10 2025,team,Team Leaders,9,Wausau East,+58,raw/miniboards/tleaderboard_29417.html
29417,2025 WIAA Boys Championship - D1,Jun 8 - Jun 10 2025,team,Team Leaders,10,Germantown,+63,raw/miniboards/tleaderboard_29417.html
29418,2025 WIAA Boys Championship - D2,Jun 8 - Jun 10 2025,team,Team Leaders,1,Seymour,+62,raw/miniboards/tleaderboard_29418.html
29418,2025 WIAA Boys Championship - D2,Jun 8 - Jun 10 2025,team,Team Leaders,2,Cambridge,+77,raw/miniboards/tleaderboard_29418.html
29418,2025 WIAA Boys Championship - D2,Jun 8 - Jun 10 2025,team,Team Leaders,3,Big Foot,+81,raw/miniboards/tleaderboard_29418.html
29418,2025 WIAA Boys Championship - D2,Jun 8 - Jun 10 2025,team,Team Leaders,4,Lakeland,+89,raw/miniboards/tleaderboard_29418.html
29418,2025 WIAA Boys Championship - D2,Jun 8 - Jun 10 2025,team,Team Leaders,5,Catholic Memorial,+91,raw/miniboards/tleaderboard_29418.html
29418,2025 WIAA Boys Championship - D2,Jun 8 - Jun 10 2025,team,Team Leaders,6,University School of Milwaukee,+95,raw/miniboards/tleaderboard_29418.html
29418,2025 WIAA Boys Championship - D2,Jun 8 - Jun 10 2025,team,Team Leaders,7,Prescott,+99,raw/miniboards/tleaderboard_29418.html
29418,2025 WIAA Boys Championship - D2,Jun 8 - Jun 10 2025,team,Team Leaders,8,Xavier,+105,raw/miniboards/tleaderboard_29418.html
29422,2025 WIAA Boys Championship - D3,Jun 8 - Jun 10 2025,team,Team Leaders,1,Durand-Arkansaw,+75,raw/miniboards/tleaderboard_29422.html
29422,2025 WIAA Boys Championship - D3,Jun 8 - Jun 10 2025,team,Team Leaders,2,Chetek-Weyerhaeuser,+85,raw/miniboards/tleaderboard_29422.html
29422,2025 WIAA Boys Championship - D3,Jun 8 - Jun 10 2025,team,Team Leaders,3,St. Mary's Springs,+89,raw/miniboards/tleaderboard_29422.html
29422,2025 WIAA Boys Championship - D3,Jun 8 - Jun 10 2025,team,Team Leaders,4,Prentice,+102,raw/miniboards/tleaderboard_29422.html
29422,2025 WIAA Boys Championship - D3,Jun 8 - Jun 10 2025,team,Team Leaders,5,Cochrane-Fountain City,+113,raw/miniboards/tleaderboard_29422.html
29422,2025 WIAA Boys Championship - D3,Jun 8 - Jun 10 2025,team,Team Leaders,6,Sheboygan Lutheran,+117,raw/miniboards/tleaderboard_29422.html
29422,2025 WIAA Boys Championship - D3,Jun 8 - Jun 10 2025,team,Team Leaders,7,Marathon,+163,raw/miniboards/tleaderboard_29422.html
29422,2025 WIAA Boys Championship - D3,Jun 8 - Jun 10 2025,team,Team Leaders,8,Bonduel,+196,raw/miniboards/tleaderboard_29422.html
29433,2025 Toyota Junior Golf World Cup - Boys,Jun 24 - Jun 27 2025,team,Team Leaders,1,Japan,-32,raw/miniboards/tleaderboard_29433.html
29433,2025 Toyota Junior Golf World Cup - Boys,Jun 24 - Jun 27 2025,team,Team Leaders,2,United States,-30,raw/miniboards/tleaderboard_29433.html
29433,2025 Toyota Junior Golf World Cup - Boys,Jun 24 - Jun 27 2025,team,Team Leaders,3,France,-20,raw/miniboards/tleaderboard_29433.html
29433,2025 Toyota Junior Golf World Cup - Boys,Jun 24 - Jun 27 2025,team,Team Leaders,4,Korea,-18,raw/miniboards/tleaderboard_29433.html
29433,2025 Toyota Junior Golf World Cup - Boys,Jun 24 - Jun 27 2025,team,Team Leaders,5,Colombia,-16,raw/miniboards/tleaderboard_29433.html
29433,2025 Toyota Junior Golf World Cup - Boys,Jun 24 - Jun 27 2025,team,Team Leaders,6,England,-14,raw/miniboards/tleaderboard_29433.html
29433,2025 Toyota Junior Golf World Cup - Boys,Jun 24 - Jun 27 2025,team,Team Leaders,T7,New Zealand,-13,raw/miniboards/tleaderboard_29433.html
29433,2025 Toyota Junior Golf World Cup - Boys,Jun 24 - Jun 27 2025,team,Team Leaders,T7,Canada,-13,raw/miniboards/tleaderboard_29433.html
29433,2025 Toyota Junior Golf World Cup - Boys,Jun 24 - Jun 27 2025,team,Team Leaders,T7,Mexico,-13,raw/miniboards/tleaderboard_29433.html
29433,2025 Toyota Junior Golf World Cup - Boys,Jun 24 - Jun 27 2025,team,Team Leaders,10,South Africa,-2,raw/miniboards/tleaderboard_29433.html
29434,2025 Toyota Junior Golf World Cup - Girls,Jun 24 - Jun 27 2025,team,Team Leaders,1,Thailand,-24,raw/miniboards/tleaderboard_29434.html
29434,2025 Toyota Junior Golf World Cup - Girls,Jun 24 - Jun 27 2025,team,Team Leaders,2,Japan,-23,raw/miniboards/tleaderboard_29434.html
29434,2025 Toyota Junior Golf World Cup - Girls,Jun 24 - Jun 27 2025,team,Team Leaders,3,United States,-16,raw/miniboards/tleaderboard_29434.html
29434,2025 Toyota Junior Golf World Cup - Girls,Jun 24 - Jun 27 2025,team,Team Leaders,4,Canada,-15,raw/miniboards/tleaderboard_29434.html
29434,2025 Toyota Junior Golf World Cup - Girls,Jun 24 - Jun 27 2025,team,Team Leaders,5,England,-8,raw/miniboards/tleaderboard_29434.html
29434,2025 Toyota Junior Golf World Cup - Girls,Jun 24 - Jun 27 2025,team,Team Leaders,6,New Zealand,-5,raw/miniboards/tleaderboard_29434.html
29434,2025 Toyota Junior Golf World Cup - Girls,Jun 24 - Jun 27 2025,team,Team Leaders,7,Colombia,-3,raw/miniboards/tleaderboard_29434.html
29434,2025 Toyota Junior Golf World Cup - Girls,Jun 24 - Jun 27 2025,team,Team Leaders,8,Italy,+8,raw/miniboards/tleaderboard_29434.html
29434,2025 Toyota Junior Golf World Cup - Girls,Jun 24 - Jun 27 2025,team,Team Leaders,9,Morocco,+62,raw/miniboards/tleaderboard_29434.html
